Route Name,Route Link,Bus Name,Bus Type,Departure Time,Duration,Arrival Time,Star Rating,Price,Seats Available
Tezpur to Guwahati Bus,https://www.redbus.in/bus-tickets/tezpur-to-guwahati,Assam State Transport Corporation (ASTC) - 168821,Bharat Benz A/C Seater (2+2),15:45,04h 45m,20:30,3.8,298.0,8.0
Tezpur to Guwahati Bus,https://www.redbus.in/bus-tickets/tezpur-to-guwahati,Assam State Transport Corporation (ASTC) - 161055,Volvo AC Seater 2+2,16:15,04h 15m,20:30,4.1,298.0,7.0
Tezpur to Guwahati Bus,https://www.redbus.in/bus-tickets/tezpur-to-guwahati,Chartered Bus - ASTC,A/C Seater Push Back (2+2),11:30,04h 45m,16:15,4.2,442.46,21.0
Tezpur to Guwahati Bus,https://www.redbus.in/bus-tickets/tezpur-to-guwahati,Pranjit Travels (Under ASTC),NON A/C Seater (2+1),11:30,05h 15m,16:45,4.1,450.0,6.0
Tezpur to Guwahati Bus,https://www.redbus.in/bus-tickets/tezpur-to-guwahati,Chartered Bus - ASTC,Volvo Multi-Axle I-Shift B11R Semi Sleeper (2+2),13:00,04h 00m,17:00,4.5,388.0,1.0
Tezpur to Guwahati Bus,https://www.redbus.in/bus-tickets/tezpur-to-guwahati,Chartered Bus - ASTC,Volvo AC Seater Pushback 2+2,14:30,04h 00m,18:30,4.4,432.06,19.0
Tezpur to Guwahati Bus,https://www.redbus.in/bus-tickets/tezpur-to-guwahati,Chartered Bus - ASTC,Volvo AC Seater Pushback 2+2,15:30,03h 45m,19:15,4.5,388.0,19.0
Tezpur to Guwahati Bus,https://www.redbus.in/bus-tickets/tezpur-to-guwahati,BLUE HILL TRAVELS INDIA LIMITED,NON A/C Seater Semi Sleeper (2+1),21:30,06h 00m,03:30,3.1,400.0,19.0
Tezpur to Guwahati Bus,https://www.redbus.in/bus-tickets/tezpur-to-guwahati,PANKAJ TRAVELS,AC Seater (2+2),13:10,04h 40m,17:50,2.4,500.0,19.0
Tezpur to Guwahati Bus,https://www.redbus.in/bus-tickets/tezpur-to-guwahati,DESTINY TRAVELS,NON A/C Seater (2+1),23:00,05h 15m,04:15,1.0,700.0,19.0
Tezpur to Guwahati Bus,https://www.redbus.in/bus-tickets/tezpur-to-guwahati,Himalayan Travels,NON AC Seater / Sleeper 2+1,23:40,04h 20m,04:00,1.7,700.0,19.0
Tezpur to Guwahati Bus,https://www.redbus.in/bus-tickets/tezpur-to-guwahati,Shopuris Travels,Non AC Seater (2+1),20:50,06h 10m,03:00,3.0,494.0,19.0
Tezpur to Guwahati Bus,https://www.redbus.in/bus-tickets/tezpur-to-guwahati,Shopuris Travels,Non AC Seater (2+1),23:00,05h 00m,04:00,3.0,494.0,19.0
Guwahati to Tezpur Bus,https://www.redbus.in/bus-tickets/guwahati-to-tezpur,Assam State Transport Corporation (ASTC) - 139720,Volvo AC Seater 2+2,13:45,04h 15m,18:00,3.7,298.0,23.0
Guwahati to Tezpur Bus,https://www.redbus.in/bus-tickets/guwahati-to-tezpur,Assam State Transport Corporation (ASTC) - 174839,Bharat Benz A/C Seater (2+2),15:15,04h 00m,19:15,4.0,298.0,31.0
Guwahati to Tezpur Bus,https://www.redbus.in/bus-tickets/guwahati-to-tezpur,Mahi Travels(Under ASTC),A/C Seater (2+2),10:50,04h 10m,15:00,4.0,380.95,25.0
Guwahati to Tezpur Bus,https://www.redbus.in/bus-tickets/guwahati-to-tezpur,Orient Transline,A/C Seater (2+1),11:30,04h 20m,15:50,4.2,380.95,36.0
Guwahati to Tezpur Bus,https://www.redbus.in/bus-tickets/guwahati-to-tezpur,Orient Transline,A/C Seater (2+1),12:15,04h 45m,17:00,4.8,380.95,13.0
Guwahati to Tezpur Bus,https://www.redbus.in/bus-tickets/guwahati-to-tezpur,Orient Transline,A/C Seater (2+1),13:00,04h 10m,17:10,4.3,360.0,30.0
Guwahati to Tezpur Bus,https://www.redbus.in/bus-tickets/guwahati-to-tezpur,Mahi Travels(Under ASTC),A/C Seater (2+2),14:15,03h 35m,17:50,4.3,360.0,25.0
Guwahati to Tezpur Bus,https://www.redbus.in/bus-tickets/guwahati-to-tezpur,WARISPIYA TRAVELS,AC Seater (2+2),15:00,03h 40m,18:40,4.3,360.0,37.0
Guwahati to Tezpur Bus,https://www.redbus.in/bus-tickets/guwahati-to-tezpur,WARISPIYA TRAVELS,AC Seater (2+2),15:35,03h 40m,19:15,3.8,500.0,6.0
Guwahati to Tezpur Bus,https://www.redbus.in/bus-tickets/guwahati-to-tezpur,WARISPIYA TRAVELS,Bharat Benz A/C Seater (2+2),16:15,03h 25m,19:40,4.3,500.0,1.0
Guwahati to Tezpur Bus,https://www.redbus.in/bus-tickets/guwahati-to-tezpur,Kalpana Travels,AC Seater (2+2),16:50,03h 25m,20:15,4.7,500.0,19.0
Guwahati to Tezpur Bus,https://www.redbus.in/bus-tickets/guwahati-to-tezpur,Yatra Travels,NON AC Seater/ Sleeper (2+1),18:45,04h 15m,23:00,3.6,500.0,19.0
Guwahati to Tezpur Bus,https://www.redbus.in/bus-tickets/guwahati-to-tezpur,Yatra Travels,NON A/C Seater / Sleeper (2+2),19:30,05h 00m,00:30,3.4,350.0,19.0
Guwahati to Tezpur Bus,https://www.redbus.in/bus-tickets/guwahati-to-tezpur,Yatra Travels,A/C Seater / Sleeper (2+1),20:00,05h 30m,01:30,3.4,648.23,19.0
Guwahati to Tezpur Bus,https://www.redbus.in/bus-tickets/guwahati-to-tezpur,Yatra Travels,NON AC Seater/ Sleeper (2+1),20:30,04h 30m,01:00,4.2,290.0,19.0
Guwahati to Tezpur Bus,https://www.redbus.in/bus-tickets/guwahati-to-tezpur,BARBIE TRAVELS,A/C Seater Push Back (2+2),20:30,04h 30m,01:00,3.7,300.0,19.0
Guwahati to Tezpur Bus,https://www.redbus.in/bus-tickets/guwahati-to-tezpur,Chartered Bus - ASTC,AC Seater (2+2),20:00,03h 45m,23:45,4.6,500.0,19.0
Guwahati to Tezpur Bus,https://www.redbus.in/bus-tickets/guwahati-to-tezpur,Upasana Travels (Under ASTC),Non AC Seater (2+2),11:00,04h 00m,15:00,2.6,300.0,19.0
Guwahati to Tezpur Bus,https://www.redbus.in/bus-tickets/guwahati-to-tezpur,Upasana Travels (Under ASTC),A/C Seater (2+2),11:30,04h 30m,16:00,2.0,500.0,19.0
Guwahati to Tezpur Bus,https://www.redbus.in/bus-tickets/guwahati-to-tezpur,KIRAN TRAVELS,A/C Seater (2+1),20:40,03h 50m,00:30,3.1,500.0,19.0
Guwahati to Tezpur Bus,https://www.redbus.in/bus-tickets/guwahati-to-tezpur,Shopuris Travels,Non AC Seater (2+1),17:00,06h 00m,23:00,2.0,800.0,19.0
Guwahati to Tezpur Bus,https://www.redbus.in/bus-tickets/guwahati-to-tezpur,DESTINY TRAVELS,NON A/C Seater (2+1),17:30,05h 30m,23:00,1.7,600.0,19.0
Guwahati to Tezpur Bus,https://www.redbus.in/bus-tickets/guwahati-to-tezpur,Brindaban Travels,Non AC Seater (2+2),17:15,04h 00m,21:15,2.8,700.0,19.0
Guwahati to Tezpur Bus,https://www.redbus.in/bus-tickets/guwahati-to-tezpur,Yatra Travels,NON A/C Seater (2+1),18:00,05h 30m,23:30,1.0,650.0,19.0
Guwahati to Tezpur Bus,https://www.redbus.in/bus-tickets/guwahati-to-tezpur,Himalayan Travels,NON AC Seater / Sleeper 2+1,20:30,06h 00m,02:30,3.7,494.0,19.0
Guwahati to Tezpur Bus,https://www.redbus.in/bus-tickets/guwahati-to-tezpur,Zainab Travels (Under ASTC),A/C Seater (2+1),20:30,05h 00m,01:30,3.4,494.0,19.0
Guwahati to Tezpur Bus,https://www.redbus.in/bus-tickets/guwahati-to-tezpur,Yatra Travels,A/C Seater / Sleeper (2+1),21:00,05h 00m,02:00,2.1,494.0,19.0
Guwahati to Tezpur Bus,https://www.redbus.in/bus-tickets/guwahati-to-tezpur,BLUE HILL TRAVELS INDIA LIMITED,NON A/C Seater Semi Sleeper (2+1),19:00,05h 15m,00:15,2.8,494.0,19.0
Guwahati to Tezpur Bus,https://www.redbus.in/bus-tickets/guwahati-to-tezpur,BLUE HILL TRAVELS INDIA LIMITED,NON A/C Seater Semi Sleeper (2+1),20:00,05h 15m,01:15,3.0,494.0,19.0
Guwahati to Nagaon (Assam) Bus,https://www.redbus.in/bus-tickets/guwahati-to-nagaon,Assam State Transport Corporation (ASTC) - 146146,Bharat Benz A/C Seater (2+2),13:00,03h 00m,16:00,4.1,191.0,19.0
Guwahati to Nagaon (Assam) Bus,https://www.redbus.in/bus-tickets/guwahati-to-nagaon,Assam State Transport Corporation (ASTC) - 146079,Bharat Benz A/C Seater (2+2),15:00,03h 00m,18:00,3.6,191.0,19.0
Guwahati to Nagaon (Assam) Bus,https://www.redbus.in/bus-tickets/guwahati-to-nagaon,Assam State Transport Corporation (ASTC) - 174839,Bharat Benz A/C Seater (2+2),15:15,02h 25m,17:40,4.4,191.0,19.0
Guwahati to Nagaon (Assam) Bus,https://www.redbus.in/bus-tickets/guwahati-to-nagaon,Mahi Travels(Under ASTC),A/C Seater (2+2),10:50,02h 40m,13:30,3.1,333.33,19.0
Guwahati to Nagaon (Assam) Bus,https://www.redbus.in/bus-tickets/guwahati-to-nagaon,Orient Transline,A/C Seater (2+1),11:30,02h 55m,14:25,4.2,280.0,19.0
Guwahati to Nagaon (Assam) Bus,https://www.redbus.in/bus-tickets/guwahati-to-nagaon,Kareng Travels,Non AC Seater (2+2),11:45,03h 00m,14:45,4.5,333.33,19.0
Guwahati to Nagaon (Assam) Bus,https://www.redbus.in/bus-tickets/guwahati-to-nagaon,Orient Transline,A/C Seater (2+1),12:15,02h 45m,15:00,4.1,333.33,19.0
Guwahati to Nagaon (Assam) Bus,https://www.redbus.in/bus-tickets/guwahati-to-nagaon,Orient Transline,A/C Seater (2+1),13:00,02h 45m,15:45,3.3,494.0,19.0
Guwahati to Nagaon (Assam) Bus,https://www.redbus.in/bus-tickets/guwahati-to-nagaon,Mahi Travels(Under ASTC),A/C Seater (2+2),14:15,02h 00m,16:15,4.0,494.0,19.0
Guwahati to Nagaon (Assam) Bus,https://www.redbus.in/bus-tickets/guwahati-to-nagaon,Anindita Travels,NON A/C Seater (2+1),12:30,03h 15m,15:45,2.0,494.0,19.0
Guwahati to Nagaon (Assam) Bus,https://www.redbus.in/bus-tickets/guwahati-to-nagaon,DESTINY TRAVELS,NON A/C Seater (2+1),17:30,03h 00m,20:30,2.5,494.0,19.0
Guwahati to Nagaon (Assam) Bus,https://www.redbus.in/bus-tickets/guwahati-to-nagaon,Nishigandha(Divya Tours & Travels),A/C Seater (2+1),21:15,02h 35m,23:50,3.0,494.0,19.0
Nagaon (Assam) to Guwahati Bus,https://www.redbus.in/bus-tickets/nagaon-to-guwahati,TRINAYAN TRANSPORT (Under ASTC),A/C Seater (2+1),12:15,02h 15m,14:30,3.5,200.0,19.0
Nagaon (Assam) to Guwahati Bus,https://www.redbus.in/bus-tickets/nagaon-to-guwahati,JOY HANUMAN,Non AC Seater (2+2),13:30,03h 00m,16:30,3.1,291.57,19.0
Nagaon (Assam) to Guwahati Bus,https://www.redbus.in/bus-tickets/nagaon-to-guwahati,Baikuntha Transport Service,Bharat Benz A/C Seater (2+1),14:00,03h 00m,17:00,3.8,324.04,19.0
Nagaon (Assam) to Guwahati Bus,https://www.redbus.in/bus-tickets/nagaon-to-guwahati,Chartered Bus - ASTC,Volvo Multi-Axle I-Shift B11R Semi Sleeper (2+2),14:30,02h 30m,17:00,4.5,280.22,19.0
Nagaon (Assam) to Guwahati Bus,https://www.redbus.in/bus-tickets/nagaon-to-guwahati,Chartered Bus - ASTC,Volvo AC Seater Pushback 2+2,16:00,02h 30m,18:30,4.7,300.0,19.0
Nagaon (Assam) to Guwahati Bus,https://www.redbus.in/bus-tickets/nagaon-to-guwahati,Chartered Bus - ASTC,Volvo AC Seater Pushback 2+2,17:00,02h 15m,19:15,4.4,494.0,19.0
Nagaon (Assam) to Guwahati Bus,https://www.redbus.in/bus-tickets/nagaon-to-guwahati,Kareng Travels,Non AC Seater (2+1),14:15,02h 30m,16:45,1.5,494.0,19.0
Nagaon (Assam) to Guwahati Bus,https://www.redbus.in/bus-tickets/nagaon-to-guwahati,PANKAJ TRAVELS,AC Seater (2+2),14:50,03h 00m,17:50,1.0,494.0,19.0
Nagaon (Assam) to Guwahati Bus,https://www.redbus.in/bus-tickets/nagaon-to-guwahati,Christina Travels,NON A/C Seater (2+2),16:00,02h 20m,18:20,3.0,494.0,19.0
Dhubri to Guwahati Bus,https://www.redbus.in/bus-tickets/dhubri-to-guwahati,MAA MONOSHA TRAVELS,NON A/C Seater (2+1),20:00,07h 30m,03:30,3.5,350.0,38.0
Dhubri to Guwahati Bus,https://www.redbus.in/bus-tickets/dhubri-to-guwahati,Yatra,Non AC Seater (2+2),20:15,07h 15m,03:30,2.3,350.0,40.0
Dhubri to Guwahati Bus,https://www.redbus.in/bus-tickets/dhubri-to-guwahati,Yatra,Non AC Seater (2+2),11:15,07h 30m,18:45,1.5,300.0,19.0
Dhubri to Guwahati Bus,https://www.redbus.in/bus-tickets/dhubri-to-guwahati,Yatra,Non AC Seater (2+2),13:15,07h 15m,20:30,3.0,300.0,19.0
Dhubri to Guwahati Bus,https://www.redbus.in/bus-tickets/dhubri-to-guwahati,Rizwan Travels,Non AC Seater (2+2),12:15,07h 00m,19:15,3.0,300.0,19.0
Dhubri to Guwahati Bus,https://www.redbus.in/bus-tickets/dhubri-to-guwahati,Rizwan Travels,Non AC Seater (2+2),12:30,07h 30m,20:00,3.0,300.0,19.0
Jorhat to Dibrugarh Bus,https://www.redbus.in/bus-tickets/jorhat-to-dibrugarh,Aniruddha Travels,AC Seater (2+2),11:45,04h 30m,16:15,3.0,604.69,19.0
Jorhat to Dibrugarh Bus,https://www.redbus.in/bus-tickets/jorhat-to-dibrugarh,MADHURIKA TRAVELS,A/C Seater (2+1),12:45,04h 15m,17:00,4.2,550.0,19.0
Jorhat to Dibrugarh Bus,https://www.redbus.in/bus-tickets/jorhat-to-dibrugarh,Chartered Bus - ASTC,Volvo AC Seater Pushback 2+2,13:30,03h 45m,17:15,4.8,494.0,19.0
Jorhat to Dibrugarh Bus,https://www.redbus.in/bus-tickets/jorhat-to-dibrugarh,SHIVAM TRAVELS,Bharat Benz A/C Seater (2+1),13:30,03h 30m,17:00,3.8,494.0,19.0
Jorhat to Dibrugarh Bus,https://www.redbus.in/bus-tickets/jorhat-to-dibrugarh,Bashudev Transline (Under ASTC),A/C Seater (2+1),14:10,03h 50m,18:00,4.4,494.0,19.0
Jorhat to Dibrugarh Bus,https://www.redbus.in/bus-tickets/jorhat-to-dibrugarh,NETWORK TRAVELS,A/C Seater Push Back (2+1),12:15,03h 45m,16:00,2.9,494.0,19.0
North Lakhimpur to Jorhat Bus,https://www.redbus.in/bus-tickets/north-lakhimpur-to-jorhat,Sylvan DEE Transport,Non AC Seater (2+1),18:00,10h 30m,04:30,2.8,560.0,23.0
North Lakhimpur to Sibsagar Bus,https://www.redbus.in/bus-tickets/north-lakhimpur-to-sibsagar,Assam State Transport Corporation (ASTC) - 173044,Non AC Seater (2+2),13:00,03h 30m,16:30,3.0,220.0,23.0
North Lakhimpur to Sibsagar Bus,https://www.redbus.in/bus-tickets/north-lakhimpur-to-sibsagar,Sylvan DEE Transport,Non AC Seater (2+1),18:00,11h 30m,05:30,1.0,660.0,19.0
Guwahati to Dhubri Bus,https://www.redbus.in/bus-tickets/guwahati-to-dhubri,Assam State Transport Corporation (ASTC) - 150574,Bharat Benz A/C Seater (2+2),12:00,07h 00m,19:00,3.8,410.0,19.0
Guwahati to Dhubri Bus,https://www.redbus.in/bus-tickets/guwahati-to-dhubri,Rizwan Travels,A/C Seater (2+2),13:30,06h 00m,19:30,1.4,390.0,19.0
Guwahati to Dhubri Bus,https://www.redbus.in/bus-tickets/guwahati-to-dhubri,SREE CHAITANYA,Non AC Seater (2+2),17:30,05h 30m,23:00,3.0,300.0,19.0
Dibrugarh to Jorhat Bus,https://www.redbus.in/bus-tickets/dibrugarh-to-jorhat,Basudev Transline,A/C Seater (2+2),15:15,04h 25m,19:40,3.3,250.0,30.0
Dibrugarh to Jorhat Bus,https://www.redbus.in/bus-tickets/dibrugarh-to-jorhat,Maa Laxmi,NON A/C Seater Push Back (2+1),17:00,04h 30m,21:30,5.0,250.0,34.0
Dibrugarh to Jorhat Bus,https://www.redbus.in/bus-tickets/dibrugarh-to-jorhat,Trishul Transport Service,A/C Seater / Sleeper (2+1),19:15,03h 40m,22:55,3.8,700.0,19.0
Dibrugarh to Jorhat Bus,https://www.redbus.in/bus-tickets/dibrugarh-to-jorhat,Baikuntha Transport Service,Bharat Benz A/C Seater /Sleeper (2+1),19:30,03h 45m,23:15,3.1,494.0,19.0
Dibrugarh to Jorhat Bus,https://www.redbus.in/bus-tickets/dibrugarh-to-jorhat,Purple Wings Coaches,A/C Seater / Sleeper (2+1),19:55,04h 20m,00:15,5.0,494.0,19.0
Dibrugarh to Jorhat Bus,https://www.redbus.in/bus-tickets/dibrugarh-to-jorhat,Ankur Travels (Under ASTC),NON A/C Push Back (2+2),14:45,04h 45m,19:30,2.8,494.0,19.0
Dibrugarh to Jorhat Bus,https://www.redbus.in/bus-tickets/dibrugarh-to-jorhat,NEELAKANTHA (RIYA),Tempo Traveler NON A/C,15:15,03h 00m,18:15,1.0,494.0,19.0
Dibrugarh to Jorhat Bus,https://www.redbus.in/bus-tickets/dibrugarh-to-jorhat,Murugan RC Travels,NON A/C Seater (2+1),18:55,28h 05m,23:00,2.6,494.0,19.0
Jorhat to Tinsukia Bus,https://www.redbus.in/bus-tickets/jorhat-to-tinsukia,Aniruddha Travels,AC Seater (2+2),11:45,05h 45m,17:30,3.5,636.45,19.0
Jorhat to Tinsukia Bus,https://www.redbus.in/bus-tickets/jorhat-to-tinsukia,Aroti Travels (Under ASTC),Non AC Seater (2+2),12:20,05h 30m,17:50,4.1,494.0,19.0
Jorhat to Tinsukia Bus,https://www.redbus.in/bus-tickets/jorhat-to-tinsukia,Chartered Bus - ASTC,Volvo AC Seater Pushback 2+2,13:30,05h 00m,18:30,4.5,494.0,19.0
Jorhat to Tinsukia Bus,https://www.redbus.in/bus-tickets/jorhat-to-tinsukia,MADHURIKA TRAVELS,A/C Seater (2+1),12:45,05h 15m,18:00,1.8,494.0,19.0
Tezpur to Dibrugarh Bus,https://www.redbus.in/bus-tickets/tezpur-to-dibrugarh,Aniruddha Travels,NON A/C Seater/ Sleeper (2+1),19:30,08h 30m,04:00,3.6,550.0,26.0
Tezpur to Dibrugarh Bus,https://www.redbus.in/bus-tickets/tezpur-to-dibrugarh,Puja Transport,Non AC Seater (2+2),20:00,09h 00m,05:00,2.4,494.0,25.0
Tezpur to Dibrugarh Bus,https://www.redbus.in/bus-tickets/tezpur-to-dibrugarh,SANJEEBANI TRAVELS,Non A/C Seater / Sleeper (2+1),21:30,07h 30m,05:00,5.0,494.0,23.0
Tezpur to Dibrugarh Bus,https://www.redbus.in/bus-tickets/tezpur-to-dibrugarh,Puja Transport,NON AC Seater / Sleeper 2+1,20:00,08h 30m,04:30,3.3,494.0,18.0
Tezpur to Dibrugarh Bus,https://www.redbus.in/bus-tickets/tezpur-to-dibrugarh,J.S. Travels,Non AC Seater (2+1),20:30,07h 30m,04:00,2.1,494.0,28.0
Tezpur to Dibrugarh Bus,https://www.redbus.in/bus-tickets/tezpur-to-dibrugarh,Maa Laxmi,NON A/C Seater Push Back (2+1),22:15,08h 45m,07:00,1.9,494.0,5.0
Tezpur to Dibrugarh Bus,https://www.redbus.in/bus-tickets/tezpur-to-dibrugarh,Neha Travels,NON A/C Seater (2+2),22:30,08h 00m,06:30,1.7,494.0,5.0
Tezpur to Dibrugarh Bus,https://www.redbus.in/bus-tickets/tezpur-to-dibrugarh,Neha Travels,NON A/C Seater (2+2),22:10,05h 50m,04:00,1.9,494.0,5.0
North Lakhimpur to Tezpur Bus,https://www.redbus.in/bus-tickets/north-lakhimpur-to-tezpur,Sparrow Travels (Under ASTC),Non AC Seater (2+2),12:30,06h 15m,18:45,3.0,350.0,19.0
North Lakhimpur to Tezpur Bus,https://www.redbus.in/bus-tickets/north-lakhimpur-to-tezpur,DESTINY TRAVELS,NON A/C Seater (2+1),18:30,04h 30m,23:00,5.0,350.0,19.0
North Lakhimpur to Tezpur Bus,https://www.redbus.in/bus-tickets/north-lakhimpur-to-tezpur,Mayur Travels (Under ASTC),Non AC Seater (2+2),12:15,05h 45m,18:00,1.0,494.0,19.0
Guwahati to Biswanath Charali Bus,https://www.redbus.in/bus-tickets/guwahati-to-biswanath-charali,Orient Transline,A/C Seater (2+1),11:30,05h 40m,17:10,4.4,476.19,26.0
Guwahati to Biswanath Charali Bus,https://www.redbus.in/bus-tickets/guwahati-to-biswanath-charali,Orient Transline,A/C Seater (2+1),12:15,06h 40m,18:55,4.5,476.19,32.0
Guwahati to Biswanath Charali Bus,https://www.redbus.in/bus-tickets/guwahati-to-biswanath-charali,Orient Transline,A/C Seater (2+1),13:00,06h 10m,19:10,3.8,476.19,41.0
Guwahati to Biswanath Charali Bus,https://www.redbus.in/bus-tickets/guwahati-to-biswanath-charali,Mahi Travels(Under ASTC),A/C Seater (2+2),14:15,05h 15m,19:30,4.5,600.0,22.0
Guwahati to Biswanath Charali Bus,https://www.redbus.in/bus-tickets/guwahati-to-biswanath-charali,Shopuris Travels,Non AC Seater (2+1),17:00,05h 45m,22:45,3.2,550.0,26.0
Guwahati to Biswanath Charali Bus,https://www.redbus.in/bus-tickets/guwahati-to-biswanath-charali,Yatra Travels,NON A/C Seater (2+1),18:00,07h 30m,01:30,3.8,550.0,16.0
Guwahati to Biswanath Charali Bus,https://www.redbus.in/bus-tickets/guwahati-to-biswanath-charali,Yatra Travels,NON AC Seater/ Sleeper (2+1),18:45,05h 15m,00:00,4.0,500.0,35.0
Guwahati to Biswanath Charali Bus,https://www.redbus.in/bus-tickets/guwahati-to-biswanath-charali,RAYAN TRAVELS,Non A/C Seater / Sleeper (2+1),19:15,06h 45m,02:00,4.1,500.0,18.0
Guwahati to Biswanath Charali Bus,https://www.redbus.in/bus-tickets/guwahati-to-biswanath-charali,MAHARATHI TRANSPORT,Non AC Seater (2+1),21:15,05h 30m,02:45,4.0,500.0,41.0
Guwahati to Biswanath Charali Bus,https://www.redbus.in/bus-tickets/guwahati-to-biswanath-charali,Yatra Travels,NON A/C Seater / Sleeper (2+2),19:30,05h 40m,01:10,3.8,500.0,31.0
Guwahati to Biswanath Charali Bus,https://www.redbus.in/bus-tickets/guwahati-to-biswanath-charali,PARIJAT TRAVELS(UNDER ASTC),NON A/C Seater (2+1),19:35,06h 25m,02:00,3.2,648.23,39.0
Guwahati to Biswanath Charali Bus,https://www.redbus.in/bus-tickets/guwahati-to-biswanath-charali,Rishi India Travels,Non AC Seater (2+1),20:00,06h 00m,02:00,4.1,650.0,28.0
Guwahati to Biswanath Charali Bus,https://www.redbus.in/bus-tickets/guwahati-to-biswanath-charali,MAHARATHI TRANSPORT,NON A/C Seater (2+1),20:55,05h 50m,02:45,4.8,650.0,40.0
Guwahati to Biswanath Charali Bus,https://www.redbus.in/bus-tickets/guwahati-to-biswanath-charali,Chartered Bus - ASTC,AC Seater (2+2),20:00,04h 30m,00:30,4.0,550.0,8.0
Guwahati to Biswanath Charali Bus,https://www.redbus.in/bus-tickets/guwahati-to-biswanath-charali,Yatra Travels,A/C Seater / Sleeper (2+1),20:00,07h 15m,03:15,4.0,450.0,34.0
Guwahati to Biswanath Charali Bus,https://www.redbus.in/bus-tickets/guwahati-to-biswanath-charali,Yatra Travels,A/C Seater / Sleeper (2+1),21:00,05h 40m,02:40,3.7,700.0,6.0
Guwahati to Biswanath Charali Bus,https://www.redbus.in/bus-tickets/guwahati-to-biswanath-charali,Laxmi Travels,Bharat Benz A/C Seater /Sleeper (2+1),19:45,04h 05m,23:50,4.1,450.0,34.0
Guwahati to Biswanath Charali Bus,https://www.redbus.in/bus-tickets/guwahati-to-biswanath-charali,Yatra Travels,NON AC Seater/ Sleeper (2+1),20:30,05h 45m,02:15,5.0,650.0,3.0
Guwahati to Biswanath Charali Bus,https://www.redbus.in/bus-tickets/guwahati-to-biswanath-charali,BARBIE TRAVELS,A/C Seater Push Back (2+2),20:30,05h 20m,01:50,2.5,494.0,19.0
Guwahati to Biswanath Charali Bus,https://www.redbus.in/bus-tickets/guwahati-to-biswanath-charali,NORTH EAST TRAVELS(UNDER ASTC),NON A/C Seater (2+1),20:15,06h 15m,02:30,1.0,494.0,19.0
Guwahati to Biswanath Charali Bus,https://www.redbus.in/bus-tickets/guwahati-to-biswanath-charali,DESTINY TRAVELS,NON A/C Seater (2+1),17:30,18h 00m,11:30,2.8,494.0,19.0
Guwahati to Biswanath Charali Bus,https://www.redbus.in/bus-tickets/guwahati-to-biswanath-charali,DONYI POLO EXPRESS,NON A/C Seater (2+1),16:00,06h 50m,22:50,2.8,494.0,19.0
Guwahati to Biswanath Charali Bus,https://www.redbus.in/bus-tickets/guwahati-to-biswanath-charali,BLUE HILL TRAVELS INDIA LIMITED,NON A/C Seater Semi Sleeper (2+1),19:00,06h 00m,01:00,1.2,494.0,19.0
Guwahati to Biswanath Charali Bus,https://www.redbus.in/bus-tickets/guwahati-to-biswanath-charali,Priyanka,Non AC Seater (2+1),19:30,06h 00m,01:30,1.6,494.0,19.0
Guwahati to Biswanath Charali Bus,https://www.redbus.in/bus-tickets/guwahati-to-biswanath-charali,BLUE HILL TRAVELS INDIA LIMITED,NON A/C Seater Semi Sleeper (2+1),20:00,06h 00m,02:00,3.0,494.0,19.0
North Lakhimpur to Dibrugarh Bus,https://www.redbus.in/bus-tickets/north-lakhimpur-to-dibrugarh,Air Bus Travels,NON AC Seater / Sleeper 2+1,21:00,06h 00m,03:00,3.7,400.0,38.0
Tinsukia to Jorhat Bus,https://www.redbus.in/bus-tickets/tinsukia-to-jorhat,NETWORK TRAVELS,Non A/C Seater / Sleeper (2+1),17:00,06h 00m,23:00,3.8,494.0,28.0
Tinsukia to Jorhat Bus,https://www.redbus.in/bus-tickets/tinsukia-to-jorhat,Purple Wings Coaches,A/C Seater / Sleeper (2+1),18:30,05h 45m,00:15,4.2,494.0,35.0
Tinsukia to Jorhat Bus,https://www.redbus.in/bus-tickets/tinsukia-to-jorhat,NETWORK TRAVELS,NON A/C Seater Push Back (2+1),19:00,05h 30m,00:30,4.8,494.0,19.0
Tezpur to North Lakhimpur Bus,https://www.redbus.in/bus-tickets/tezpur-to-north-lakhimpur,Chartered Bus - ASTC,A/C Seater Push Back (2+2),11:00,04h 00m,15:00,3.7,561.58,35.0
Tezpur to North Lakhimpur Bus,https://www.redbus.in/bus-tickets/tezpur-to-north-lakhimpur,Pranjit Travels (Under ASTC),Non AC Seater (2+1),13:10,05h 20m,18:30,3.5,500.0,19.0
Tezpur to North Lakhimpur Bus,https://www.redbus.in/bus-tickets/tezpur-to-north-lakhimpur,Mahadev K.P.,Tata A/C Seater (2+2),11:00,07h 15m,18:15,1.0,460.0,19.0
Tezpur to North Lakhimpur Bus,https://www.redbus.in/bus-tickets/tezpur-to-north-lakhimpur,Mahadev K.P.,Tata A/C Seater (2+2),11:30,07h 00m,18:30,1.0,460.0,19.0
Tezpur to North Lakhimpur Bus,https://www.redbus.in/bus-tickets/tezpur-to-north-lakhimpur,Narayan Travels,AC Seater (2+2),14:20,06h 10m,20:30,1.7,494.0,19.0
Tezpur to North Lakhimpur Bus,https://www.redbus.in/bus-tickets/tezpur-to-north-lakhimpur,DESTINY TRAVELS,NON A/C Seater (2+1),23:00,05h 15m,04:15,1.6,494.0,19.0
North Lakhimpur to Moran Bus,https://www.redbus.in/bus-tickets/north-lakhimpur-to-moran,Assam State Transport Corporation (ASTC) - 173044,Non AC Seater (2+2),13:00,02h 30m,15:30,4.6,170.0,19.0
Guwahati to Gohpur Bus,https://www.redbus.in/bus-tickets/guwahati-to-gohpur,Yatra Travels,NON AC Seater/ Sleeper (2+1),18:45,06h 45m,01:30,4.5,550.0,32.0
Guwahati to Gohpur Bus,https://www.redbus.in/bus-tickets/guwahati-to-gohpur,Pranjit Travels (Under ASTC),Bharat Benz A/C Seater (2+1),21:30,07h 45m,05:15,4.2,660.0,14.0
Guwahati to Gohpur Bus,https://www.redbus.in/bus-tickets/guwahati-to-gohpur,Yatra Travels,NON AC Seater/ Sleeper (2+1),20:30,06h 45m,03:15,4.7,550.0,25.0
Guwahati to Gohpur Bus,https://www.redbus.in/bus-tickets/guwahati-to-gohpur,Pranjit Travels (Under ASTC),NON A/C Seater (2+1),21:45,07h 15m,05:00,4.1,570.0,17.0
Guwahati to Gohpur Bus,https://www.redbus.in/bus-tickets/guwahati-to-gohpur,Yatra Travels,NON A/C Seater (2+1),18:00,08h 45m,02:45,4.5,550.0,27.0
Guwahati to Gohpur Bus,https://www.redbus.in/bus-tickets/guwahati-to-gohpur,Pranjit Travels (Under ASTC),A/C Seater / Sleeper (2+1),20:45,08h 00m,04:45,4.1,620.0,17.0
Guwahati to Gohpur Bus,https://www.redbus.in/bus-tickets/guwahati-to-gohpur,PARIJAT TRAVELS(UNDER ASTC),NON A/C Seater (2+1),19:35,08h 25m,04:00,3.8,550.0,16.0
Guwahati to Gohpur Bus,https://www.redbus.in/bus-tickets/guwahati-to-gohpur,KIRAN TRAVELS,A/C Seater (2+1),20:40,08h 20m,05:00,3.4,600.0,15.0
Guwahati to Gohpur Bus,https://www.redbus.in/bus-tickets/guwahati-to-gohpur,Shopuris Travels,Non AC Seater (2+1),17:00,07h 45m,00:45,3.9,570.0,25.0
Guwahati to Gohpur Bus,https://www.redbus.in/bus-tickets/guwahati-to-gohpur,Pranjit Travels (Under ASTC),Non AC Seater (2+1),21:15,07h 30m,04:45,3.2,650.0,27.0
Guwahati to Gohpur Bus,https://www.redbus.in/bus-tickets/guwahati-to-gohpur,NORTH EAST TRAVELS(UNDER ASTC),NON A/C Seater (2+1),20:15,07h 45m,04:00,3.8,600.0,7.0
Guwahati to Gohpur Bus,https://www.redbus.in/bus-tickets/guwahati-to-gohpur,MAHARATHI TRANSPORT,NON A/C Seater (2+1),20:55,06h 50m,03:45,3.7,500.0,12.0
Guwahati to Gohpur Bus,https://www.redbus.in/bus-tickets/guwahati-to-gohpur,MAHARATHI TRANSPORT,Non AC Seater (2+1),21:15,06h 30m,03:45,3.1,650.0,19.0
Guwahati to Gohpur Bus,https://www.redbus.in/bus-tickets/guwahati-to-gohpur,BLUE HILL TRAVELS INDIA LIMITED,NON A/C Seater Semi Sleeper (2+1),20:00,07h 50m,03:50,1.2,650.0,3.0
Guwahati to Gohpur Bus,https://www.redbus.in/bus-tickets/guwahati-to-gohpur,BLUE HILL TRAVELS INDIA LIMITED,NON A/C Seater Semi Sleeper (2+1),16:15,09h 15m,01:30,4.3,702.31,21.0
Guwahati to Gohpur Bus,https://www.redbus.in/bus-tickets/guwahati-to-gohpur,Yatra Travels,NON A/C Seater / Sleeper (2+2),19:30,06h 50m,02:20,4.3,499.0,25.0
Guwahati to Gohpur Bus,https://www.redbus.in/bus-tickets/guwahati-to-gohpur,Yatra Travels,A/C Seater / Sleeper (2+1),21:00,06h 45m,03:45,4.3,500.0,38.0
Guwahati to Gohpur Bus,https://www.redbus.in/bus-tickets/guwahati-to-gohpur,Yatra Travels,A/C Seater / Sleeper (2+1),20:00,08h 30m,04:30,4.4,500.0,31.0
Guwahati to Gohpur Bus,https://www.redbus.in/bus-tickets/guwahati-to-gohpur,Chartered Bus - ASTC,AC Seater (2+2),20:00,06h 30m,02:30,4.1,500.0,41.0
Guwahati to Gohpur Bus,https://www.redbus.in/bus-tickets/guwahati-to-gohpur,Laxmi Travels,Bharat Benz A/C Seater /Sleeper (2+1),19:45,06h 45m,02:30,4.0,530.0,36.0
Guwahati to Gohpur Bus,https://www.redbus.in/bus-tickets/guwahati-to-gohpur,DESTINY TRAVELS,NON AC Seater / Sleeper 2+1,17:30,07h 30m,01:00,4.2,480.0,32.0
Guwahati to Gohpur Bus,https://www.redbus.in/bus-tickets/guwahati-to-gohpur,Deep Travels,NON AC Seater / Sleeper 2+1,21:00,07h 15m,04:15,3.2,700.0,5.0
Guwahati to Gohpur Bus,https://www.redbus.in/bus-tickets/guwahati-to-gohpur,Rishi India Travels,Non AC Seater (2+1),20:00,07h 15m,03:15,4.3,500.0,35.0
Guwahati to Gohpur Bus,https://www.redbus.in/bus-tickets/guwahati-to-gohpur,RAYAN TRAVELS,Non A/C Seater / Sleeper (2+1),19:15,08h 15m,03:30,1.3,494.0,19.0
Guwahati to Gohpur Bus,https://www.redbus.in/bus-tickets/guwahati-to-gohpur,GURUNANAK TRAVELS,NON A/C Seater (2+1),19:00,08h 00m,03:00,1.8,494.0,26.0
Guwahati to Gohpur Bus,https://www.redbus.in/bus-tickets/guwahati-to-gohpur,DONYI POLO EXPRESS,NON A/C Seater (2+1),16:00,09h 30m,01:30,4.0,494.0,31.0
Guwahati to Gohpur Bus,https://www.redbus.in/bus-tickets/guwahati-to-gohpur,Priyanka,Non AC Seater (2+1),19:30,07h 30m,03:00,3.7,494.0,34.0
Guwahati to Gohpur Bus,https://www.redbus.in/bus-tickets/guwahati-to-gohpur,Sylvan DEE Transport,Non AC Seater (2+1),18:15,08h 45m,03:00,2.6,494.0,11.0
Guwahati to Gohpur Bus,https://www.redbus.in/bus-tickets/guwahati-to-gohpur,BLUE HILL TRAVELS INDIA LIMITED,NON A/C Seater Semi Sleeper (2+1),19:00,07h 50m,02:50,1.0,494.0,6.0
Guwahati to Gohpur Bus,https://www.redbus.in/bus-tickets/guwahati-to-gohpur,BARBIE TRAVELS,A/C Seater Push Back (2+2),20:30,06h 50m,03:20,3.0,494.0,40.0
Guwahati to Kaliabor Bus,https://www.redbus.in/bus-tickets/guwahati-to-kaliabor,Assam State Transport Corporation (ASTC) - 154910,Bharat Benz A/C Seater (2+2),11:00,03h 00m,14:00,4.2,259.0,28.0
Guwahati to Kaliabor Bus,https://www.redbus.in/bus-tickets/guwahati-to-kaliabor,Assam State Transport Corporation (ASTC) - 139720,Volvo AC Seater 2+2,13:45,03h 30m,17:15,3.8,259.0,35.0
Guwahati to Kaliabor Bus,https://www.redbus.in/bus-tickets/guwahati-to-kaliabor,Assam State Transport Corporation (ASTC) - 174839,Bharat Benz A/C Seater (2+2),15:15,03h 05m,18:20,4.8,259.0,19.0
Guwahati to Kaliabor Bus,https://www.redbus.in/bus-tickets/guwahati-to-kaliabor,Orient Transline,A/C Seater (2+1),11:30,03h 30m,15:00,4.3,380.95,19.0
Guwahati to Kaliabor Bus,https://www.redbus.in/bus-tickets/guwahati-to-kaliabor,Trishul Transport Service(Under ASTC),A/C Seater Push Back (2+1),11:30,03h 15m,14:45,3.9,380.95,19.0
Guwahati to Kaliabor Bus,https://www.redbus.in/bus-tickets/guwahati-to-kaliabor,Orient Transline,A/C Seater (2+1),12:15,04h 15m,16:30,4.3,380.95,19.0
Guwahati to Kaliabor Bus,https://www.redbus.in/bus-tickets/guwahati-to-kaliabor,Anindita Travels,NON A/C Seater (2+1),12:30,04h 45m,17:15,5.0,494.0,19.0
Guwahati to Kaliabor Bus,https://www.redbus.in/bus-tickets/guwahati-to-kaliabor,Orient Transline,A/C Seater (2+1),13:00,03h 20m,16:20,4.3,494.0,19.0
Guwahati to Kaliabor Bus,https://www.redbus.in/bus-tickets/guwahati-to-kaliabor,Mahi Travels(Under ASTC),A/C Seater (2+2),14:15,03h 15m,17:30,3.4,494.0,19.0
Guwahati to Kaliabor Bus,https://www.redbus.in/bus-tickets/guwahati-to-kaliabor,TRINAYAN TRANSPORT (Under ASTC),A/C Seater (2+1),20:15,05h 00m,01:15,3.0,494.0,19.0
Guwahati to Kaliabor Bus,https://www.redbus.in/bus-tickets/guwahati-to-kaliabor,BAIKUNTHA TRAVELS (UNDER ASTC),A/C Seater/Sleeper (2+1),20:00,03h 15m,23:15,3.1,494.0,19.0
Guwahati to Kaliabor Bus,https://www.redbus.in/bus-tickets/guwahati-to-kaliabor,Nishigandha(Divya Tours & Travels),A/C Seater (2+1),21:15,03h 15m,00:30,1.8,494.0,19.0
Guwahati to Kaliabor Bus,https://www.redbus.in/bus-tickets/guwahati-to-kaliabor,Rishi India Travels,Non AC Seater (2+1),11:30,03h 30m,15:00,2.6,494.0,19.0
Guwahati to Kaliabor Bus,https://www.redbus.in/bus-tickets/guwahati-to-kaliabor,Rishi India Travels,Bharat Benz A/C Seater (2+1),13:15,03h 00m,16:15,2.9,494.0,19.0
Guwahati to Kaliabor Bus,https://www.redbus.in/bus-tickets/guwahati-to-kaliabor,Rishi India Travels,A/C Seater (2+1),15:15,03h 05m,18:20,3.0,494.0,19.0
Biswanath Charali to Guwahati Bus,https://www.redbus.in/bus-tickets/biswanath-charali-to-guwahati,Yatra Travels,NON A/C Seater / Sleeper (2+2),23:40,06h 20m,06:00,4.3,500.0,14.0
Biswanath Charali to Guwahati Bus,https://www.redbus.in/bus-tickets/biswanath-charali-to-guwahati,PARIJAT TRAVELS(UNDER ASTC),NON A/C Seater (2+1),23:50,06h 40m,06:30,3.2,550.0,6.0
Biswanath Charali to Guwahati Bus,https://www.redbus.in/bus-tickets/biswanath-charali-to-guwahati,PANKAJ TRAVELS,AC Seater (2+2),11:30,06h 20m,17:50,2.5,450.0,8.0
Biswanath Charali to Guwahati Bus,https://www.redbus.in/bus-tickets/biswanath-charali-to-guwahati,BLUE HILL TRAVELS INDIA LIMITED,NON A/C Seater Semi Sleeper (2+1),20:00,07h 30m,03:30,2.5,500.0,29.0
Biswanath Charali to Guwahati Bus,https://www.redbus.in/bus-tickets/biswanath-charali-to-guwahati,Laxmi Travels,A/C Seater (2+1),20:00,05h 00m,01:00,1.0,700.0,6.0
Biswanath Charali to Guwahati Bus,https://www.redbus.in/bus-tickets/biswanath-charali-to-guwahati,Shopuris Travels,Non AC Seater (2+1),20:15,06h 45m,03:00,1.4,700.0,21.0
Biswanath Charali to Guwahati Bus,https://www.redbus.in/bus-tickets/biswanath-charali-to-guwahati,DONYI POLO EXPRESS,NON A/C Seater (2+1),21:00,06h 30m,03:30,1.0,756.25,7.0
Biswanath Charali to Guwahati Bus,https://www.redbus.in/bus-tickets/biswanath-charali-to-guwahati,DESTINY TRAVELS,NON A/C Seater (2+1),21:30,06h 45m,04:15,1.0,494.0,1.0
Biswanath Charali to Guwahati Bus,https://www.redbus.in/bus-tickets/biswanath-charali-to-guwahati,Shopuris Travels,Non AC Seater (2+1),22:15,05h 45m,04:00,2.0,494.0,2.0
Biswanath Charali to Guwahati Bus,https://www.redbus.in/bus-tickets/biswanath-charali-to-guwahati,DESTINY TRAVELS,NON A/C Seater (2+1),22:35,06h 55m,05:30,3.0,494.0,3.0
Biswanath Charali to Guwahati Bus,https://www.redbus.in/bus-tickets/biswanath-charali-to-guwahati,DONYI POLO EXPRESS,NON A/C Seater (2+1),21:45,07h 45m,05:30,3.0,494.0,39.0
Biswanath Charali to Guwahati Bus,https://www.redbus.in/bus-tickets/biswanath-charali-to-guwahati,Chartered Bus - ASTC,AC Seater (2+2),23:45,05h 15m,05:00,3.0,494.0,19.0
Dibrugarh to North Lakhimpur Bus,https://www.redbus.in/bus-tickets/dibrugarh-to-north-lakhimpur,Assam State Transport Corporation (ASTC) - 147556,Bharat Benz A/C Seater (2+2),12:30,03h 15m,15:45,4.3,235.62,41.0
Dibrugarh to North Lakhimpur Bus,https://www.redbus.in/bus-tickets/dibrugarh-to-north-lakhimpur,BARBIE TRAVELS,NON A/C Hi-Tech Push Back (2+2),11:10,04h 20m,15:30,3.8,240.0,19.0
Dibrugarh to North Lakhimpur Bus,https://www.redbus.in/bus-tickets/dibrugarh-to-north-lakhimpur,BARBIE TRAVELS,NON A/C Hi-Tech Push Back (2+2),13:30,05h 00m,18:30,3.7,240.0,19.0
Dibrugarh to North Lakhimpur Bus,https://www.redbus.in/bus-tickets/dibrugarh-to-north-lakhimpur,BARBIE TRAVELS,NON A/C Hi-Tech Push Back (2+2),15:30,04h 00m,19:30,4.0,240.0,19.0
Dibrugarh to North Lakhimpur Bus,https://www.redbus.in/bus-tickets/dibrugarh-to-north-lakhimpur,Maa Jagadamba,A/C Seater Push Back (2+2),16:15,03h 15m,19:30,4.1,240.0,19.0
Dibrugarh to North Lakhimpur Bus,https://www.redbus.in/bus-tickets/dibrugarh-to-north-lakhimpur,Maa Jagadamba,A/C Seater Push Back (2+2),16:20,03h 10m,19:30,3.9,240.0,19.0
Dibrugarh to North Lakhimpur Bus,https://www.redbus.in/bus-tickets/dibrugarh-to-north-lakhimpur,Air Bus Travels,NON AC Seater / Sleeper 2+1,19:40,05h 20m,01:00,3.6,400.0,19.0
Tumuki (Tezpur Medical) to Guwahati Bus,https://www.redbus.in/bus-tickets/tumuki-tezpur-medical-to-guwahati,Assam State Transport Corporation (ASTC) - 161055,Volvo AC Seater 2+2,15:15,05h 15m,20:30,3.7,316.0,19.0
Biswanath Charali to Dibrugarh Bus,https://www.redbus.in/bus-tickets/biswanath-charali-to-dibrugarh,Air Bus Travels,NON AC Seater / Sleeper 2+1,18:30,07h 30m,02:00,3.0,600.0,43.0
Gohpur to Guwahati Bus,https://www.redbus.in/bus-tickets/gohpur-to-guwahati,KIRAN TRAVELS,A/C Seater (2+1),22:50,08h 40m,07:30,4.6,550.0,11.0
Gohpur to Guwahati Bus,https://www.redbus.in/bus-tickets/gohpur-to-guwahati,Maharathi Travels(UNDER ASTC),NON A/C Seater (2+1),22:10,07h 20m,05:30,4.1,550.0,10.0
Gohpur to Guwahati Bus,https://www.redbus.in/bus-tickets/gohpur-to-guwahati,Yatra Travels,NON AC Seater/ Sleeper (2+1),22:30,07h 45m,06:15,4.7,499.0,10.0
Gohpur to Guwahati Bus,https://www.redbus.in/bus-tickets/gohpur-to-guwahati,Yatra Travels,NON AC Seater/ Sleeper (2+1),23:00,07h 00m,06:00,4.2,500.0,17.0
Gohpur to Guwahati Bus,https://www.redbus.in/bus-tickets/gohpur-to-guwahati,Deep Travels,NON AC Seater / Sleeper 2+1,22:20,06h 40m,05:00,4.1,700.0,4.0
Gohpur to Guwahati Bus,https://www.redbus.in/bus-tickets/gohpur-to-guwahati,PARIJAT TRAVELS(UNDER ASTC),NON A/C Seater (2+1),23:11,07h 19m,06:30,3.6,700.0,6.0
Gohpur to Guwahati Bus,https://www.redbus.in/bus-tickets/gohpur-to-guwahati,Island Travels (Under ASTC),Non AC Seater (2+1),22:45,07h 00m,05:45,4.5,550.0,5.0
Gohpur to Guwahati Bus,https://www.redbus.in/bus-tickets/gohpur-to-guwahati,DESTINY TRAVELS,NON A/C Seater (2+1),21:00,08h 30m,05:30,5.0,650.0,2.0
Gohpur to Guwahati Bus,https://www.redbus.in/bus-tickets/gohpur-to-guwahati,Shopuris Travels,Non AC Seater (2+1),19:00,08h 00m,03:00,2.1,500.0,6.0
Gohpur to Guwahati Bus,https://www.redbus.in/bus-tickets/gohpur-to-guwahati,DESTINY TRAVELS,NON A/C Seater (2+1),20:30,07h 45m,04:15,3.5,650.0,7.0
Gohpur to Guwahati Bus,https://www.redbus.in/bus-tickets/gohpur-to-guwahati,Shopuris Travels,Non AC Seater (2+1),21:00,07h 00m,04:00,4.2,570.0,1.0
Gohpur to Guwahati Bus,https://www.redbus.in/bus-tickets/gohpur-to-guwahati,Yatra Travels,NON A/C Seater (2+1),22:35,07h 40m,06:15,4.2,500.0,16.0
Gohpur to Guwahati Bus,https://www.redbus.in/bus-tickets/gohpur-to-guwahati,Yatra Travels,A/C Seater / Sleeper (2+1),21:45,08h 30m,06:15,4.2,570.0,17.0
Gohpur to Guwahati Bus,https://www.redbus.in/bus-tickets/gohpur-to-guwahati,Yatra Travels,NON A/C Seater / Sleeper (2+2),22:40,07h 20m,06:00,2.7,500.0,14.0
Gohpur to Guwahati Bus,https://www.redbus.in/bus-tickets/gohpur-to-guwahati,Yatra Travels,A/C Seater / Sleeper (2+1),23:45,06h 30m,06:15,3.3,756.25,24.0
Gohpur to Guwahati Bus,https://www.redbus.in/bus-tickets/gohpur-to-guwahati,NORTH EAST TRAVELS(UNDER ASTC),NON A/C Seater (2+1),20:00,10h 00m,06:00,3.2,494.0,3.0
Gohpur to Guwahati Bus,https://www.redbus.in/bus-tickets/gohpur-to-guwahati,Pranjit Travels (Under ASTC),NON A/C Seater (2+1),22:30,08h 00m,06:30,2.8,494.0,10.0
Gohpur to Guwahati Bus,https://www.redbus.in/bus-tickets/gohpur-to-guwahati,GURUNANAK TRAVELS,NON A/C Seater (2+1),21:00,08h 00m,05:00,3.9,494.0,7.0
Gohpur to Guwahati Bus,https://www.redbus.in/bus-tickets/gohpur-to-guwahati,MAHARATHI TRANSPORT,NON A/C Semi Sleeper (2+1),21:30,08h 00m,05:30,2.0,494.0,9.0
Gohpur to Guwahati Bus,https://www.redbus.in/bus-tickets/gohpur-to-guwahati,Laxmi Travels,Bharat Benz A/C Seater /Sleeper (2+1),22:45,07h 15m,06:00,2.6,494.0,12.0
Gohpur to Guwahati Bus,https://www.redbus.in/bus-tickets/gohpur-to-guwahati,DONYI POLO EXPRESS,NON A/C Seater (2+1),20:45,08h 45m,05:30,4.3,494.0,3.0
Gohpur to Guwahati Bus,https://www.redbus.in/bus-tickets/gohpur-to-guwahati,Pranjit Travels (Under ASTC),NON A/C Seater (2+1),22:15,07h 45m,06:00,5.0,494.0,20.0
Gohpur to Guwahati Bus,https://www.redbus.in/bus-tickets/gohpur-to-guwahati,RAYAN TRAVELS,Non A/C Seater / Sleeper (2+1),22:20,07h 40m,06:00,3.0,494.0,19.0
Gohpur to Guwahati Bus,https://www.redbus.in/bus-tickets/gohpur-to-guwahati,Chartered Bus - ASTC,AC Seater (2+2),22:30,06h 30m,05:00,3.0,494.0,39.0
North Lakhimpur to Guwahati Bus,https://www.redbus.in/bus-tickets/north-lakhimpur-to-guwahati,Chartered Bus - ASTC,AC Seater (2+2),20:30,08h 30m,05:00,4.2,810.32,39.0
North Lakhimpur to Guwahati Bus,https://www.redbus.in/bus-tickets/north-lakhimpur-to-guwahati,Pranjit Travels (Under ASTC),A/C Seater / Sleeper (2+1),21:15,08h 45m,06:00,4.0,700.0,18.0
North Lakhimpur to Guwahati Bus,https://www.redbus.in/bus-tickets/north-lakhimpur-to-guwahati,Laxmi Travels,Bharat Benz A/C Seater /Sleeper (2+1),20:50,09h 10m,06:00,4.2,750.0,12.0
North Lakhimpur to Guwahati Bus,https://www.redbus.in/bus-tickets/north-lakhimpur-to-guwahati,Pranjit Travels (Under ASTC),Bharat Benz A/C Seater (2+1),21:00,09h 15m,06:15,4.1,650.0,6.0
North Lakhimpur to Guwahati Bus,https://www.redbus.in/bus-tickets/north-lakhimpur-to-guwahati,KIRAN TRAVELS,A/C Seater (2+1),21:20,10h 10m,07:30,4.0,549.0,11.0
North Lakhimpur to Guwahati Bus,https://www.redbus.in/bus-tickets/north-lakhimpur-to-guwahati,Yatra Travels,NON AC Seater/ Sleeper (2+1),19:45,10h 30m,06:15,4.0,650.0,10.0
North Lakhimpur to Guwahati Bus,https://www.redbus.in/bus-tickets/north-lakhimpur-to-guwahati,MAHARATHI TRANSPORT,NON A/C Semi Sleeper (2+1),20:00,09h 30m,05:30,4.3,650.0,8.0
North Lakhimpur to Guwahati Bus,https://www.redbus.in/bus-tickets/north-lakhimpur-to-guwahati,Deep Travels,NON AC Seater / Sleeper 2+1,19:30,09h 30m,05:00,4.1,700.0,4.0
North Lakhimpur to Guwahati Bus,https://www.redbus.in/bus-tickets/north-lakhimpur-to-guwahati,Yatra Travels,NON AC Seater/ Sleeper (2+1),20:30,09h 30m,06:00,4.3,600.0,10.0
North Lakhimpur to Guwahati Bus,https://www.redbus.in/bus-tickets/north-lakhimpur-to-guwahati,PARIJAT TRAVELS(UNDER ASTC),NON A/C Seater (2+1),20:56,09h 34m,06:30,4.2,600.0,5.0
North Lakhimpur to Guwahati Bus,https://www.redbus.in/bus-tickets/north-lakhimpur-to-guwahati,Yatra Travels,A/C Seater / Sleeper (2+1),22:00,08h 15m,06:15,3.9,700.0,20.0
North Lakhimpur to Guwahati Bus,https://www.redbus.in/bus-tickets/north-lakhimpur-to-guwahati,Island Travels (Under ASTC),Non AC Seater (2+1),20:15,09h 30m,05:45,3.8,650.0,6.0
North Lakhimpur to Guwahati Bus,https://www.redbus.in/bus-tickets/north-lakhimpur-to-guwahati,RAYAN TRAVELS,Non A/C Seater / Sleeper (2+1),20:15,09h 45m,06:00,3.8,650.0,19.0
North Lakhimpur to Guwahati Bus,https://www.redbus.in/bus-tickets/north-lakhimpur-to-guwahati,Yatra Travels,NON A/C Seater / Sleeper (2+2),20:20,09h 40m,06:00,3.9,590.0,14.0
North Lakhimpur to Guwahati Bus,https://www.redbus.in/bus-tickets/north-lakhimpur-to-guwahati,Yatra Travels,A/C Seater / Sleeper (2+1),20:50,09h 25m,06:15,3.9,600.0,11.0
North Lakhimpur to Guwahati Bus,https://www.redbus.in/bus-tickets/north-lakhimpur-to-guwahati,NETWORK TRAVELS,NON A/C Seater Push Back (2+1),20:30,08h 30m,05:00,4.7,600.0,12.0
North Lakhimpur to Guwahati Bus,https://www.redbus.in/bus-tickets/north-lakhimpur-to-guwahati,Swapna Super(Under ASTC),Non AC Seater (2+1),19:00,10h 00m,05:00,3.9,494.0,3.0
North Lakhimpur to Guwahati Bus,https://www.redbus.in/bus-tickets/north-lakhimpur-to-guwahati,Pranjit Travels (Under ASTC),NON A/C Seater (2+1),20:45,09h 45m,06:30,3.7,494.0,8.0
North Lakhimpur to Guwahati Bus,https://www.redbus.in/bus-tickets/north-lakhimpur-to-guwahati,Yatra Travels,NON A/C Seater (2+1),20:40,09h 35m,06:15,3.6,494.0,15.0
North Lakhimpur to Guwahati Bus,https://www.redbus.in/bus-tickets/north-lakhimpur-to-guwahati,Maharathi Travels(UNDER ASTC),NON A/C Seater (2+1),20:20,09h 10m,05:30,3.3,494.0,9.0
North Lakhimpur to Guwahati Bus,https://www.redbus.in/bus-tickets/north-lakhimpur-to-guwahati,Jyotishman Travels (Under ASTC),A/C Seater (2+1),21:05,08h 55m,06:00,2.5,494.0,16.0
North Lakhimpur to Guwahati Bus,https://www.redbus.in/bus-tickets/north-lakhimpur-to-guwahati,Sylvan DEE Transport,Non AC Seater (2+1),18:30,10h 30m,05:00,1.7,494.0,1.0
North Lakhimpur to Guwahati Bus,https://www.redbus.in/bus-tickets/north-lakhimpur-to-guwahati,DESTINY TRAVELS,NON A/C Seater (2+1),18:30,09h 45m,04:15,2.6,494.0,5.0
North Lakhimpur to Guwahati Bus,https://www.redbus.in/bus-tickets/north-lakhimpur-to-guwahati,Pranjit Travels (Under ASTC),NON A/C Seater (2+1),20:15,09h 45m,06:00,2.6,494.0,18.0
North Lakhimpur to Guwahati Bus,https://www.redbus.in/bus-tickets/north-lakhimpur-to-guwahati,DONYI POLO EXPRESS,NON A/C Seater (2+1),20:40,08h 50m,05:30,1.2,494.0,2.0
North Lakhimpur to Guwahati Bus,https://www.redbus.in/bus-tickets/north-lakhimpur-to-guwahati,GURUNANAK TRAVELS,NON A/C Seater (2+1),18:30,10h 30m,05:00,2.3,494.0,7.0
North Lakhimpur to Guwahati Bus,https://www.redbus.in/bus-tickets/north-lakhimpur-to-guwahati,DESTINY TRAVELS,NON A/C Seater (2+1),18:00,11h 30m,05:30,2.6,494.0,2.0
Haflong to Guwahati Bus,https://www.redbus.in/bus-tickets/haflong-to-guwahati,Deep Travels,Non AC Seater (2+1),17:45,10h 45m,04:30,3.9,599.0,21.0
Haflong to Guwahati Bus,https://www.redbus.in/bus-tickets/haflong-to-guwahati,NETWORK TRAVELS,NON A/C Seater (2+1),18:00,10h 00m,04:00,4.7,494.0,2.0
Tezpur to Moran Bus,https://www.redbus.in/bus-tickets/tezpur-to-moran,SANJEEBANI TRAVELS,Non A/C Seater / Sleeper (2+1),21:30,06h 50m,04:20,4.0,494.0,25.0
Tezpur to Moran Bus,https://www.redbus.in/bus-tickets/tezpur-to-moran,Neha Travels,NON A/C Seater (2+2),22:30,07h 00m,05:30,5.0,494.0,27.0
Tezpur to Moran Bus,https://www.redbus.in/bus-tickets/tezpur-to-moran,Maa Laxmi,NON A/C Seater Push Back (2+1),22:15,07h 15m,05:30,1.5,494.0,16.0
Tezpur to Moran Bus,https://www.redbus.in/bus-tickets/tezpur-to-moran,Neha Travels,NON A/C Seater (2+2),22:10,05h 20m,03:30,2.0,494.0,35.0
Moran to Tezpur Bus,https://www.redbus.in/bus-tickets/moran-to-tezpur,Aniruddha Travels,NON A/C Seater/ Sleeper (2+1),20:45,07h 15m,04:00,2.7,520.0,19.0
Moran to Tezpur Bus,https://www.redbus.in/bus-tickets/moran-to-tezpur,SANJEEBANI TRAVELS,Non A/C Seater / Sleeper (2+1),20:15,06h 45m,03:00,2.9,494.0,38.0
Moran to Tezpur Bus,https://www.redbus.in/bus-tickets/moran-to-tezpur,PIHU TRANSPORT,Bharat Benz NON A/C Seater / Sleeper (2+1),20:45,07h 45m,04:30,2.1,494.0,33.0
Moran to Tezpur Bus,https://www.redbus.in/bus-tickets/moran-to-tezpur,Neha Travels,NON A/C Sleeper (2+1),18:00,09h 15m,03:15,2.7,494.0,29.0
Moran to Tezpur Bus,https://www.redbus.in/bus-tickets/moran-to-tezpur,Neha Travels,NON A/C Seater (2+2),18:30,10h 30m,05:00,2.7,494.0,31.0
Bokakhat to Dibrugarh Bus,https://www.redbus.in/bus-tickets/bokakhat-to-dibrugarh,SHIVAM TRAVELS,Bharat Benz A/C Seater (2+1),12:15,04h 45m,17:00,4.8,702.26,42.0
Bokakhat to Dibrugarh Bus,https://www.redbus.in/bus-tickets/bokakhat-to-dibrugarh,Chartered Bus - ASTC,Volvo AC Seater Pushback 2+2,12:30,04h 45m,17:15,4.8,550.0,29.0
Bokakhat to Dibrugarh Bus,https://www.redbus.in/bus-tickets/bokakhat-to-dibrugarh,Bashudev Transline (Under ASTC),A/C Seater (2+1),12:35,05h 25m,18:00,3.5,494.0,19.0
Bokakhat to Dibrugarh Bus,https://www.redbus.in/bus-tickets/bokakhat-to-dibrugarh,Purple Wings Coaches,A/C Seater / Sleeper (2+1),00:30,04h 30m,05:00,4.3,494.0,19.0
Bokakhat to Dibrugarh Bus,https://www.redbus.in/bus-tickets/bokakhat-to-dibrugarh,Aniruddha Travels,NON A/C Seater/ Sleeper (2+1),23:15,04h 45m,04:00,2.2,494.0,19.0
North Lakhimpur to Nagaon (Assam) Bus,https://www.redbus.in/bus-tickets/north-lakhimpur-to-nagaon,Yatra Travels,NON AC Seater/ Sleeper (2+1),19:45,09h 15m,05:00,4.1,600.0,10.0
North Lakhimpur to Nagaon (Assam) Bus,https://www.redbus.in/bus-tickets/north-lakhimpur-to-nagaon,MAHARATHI TRANSPORT,NON A/C Semi Sleeper (2+1),20:00,07h 05m,03:05,3.0,580.0,12.0
North Lakhimpur to Nagaon (Assam) Bus,https://www.redbus.in/bus-tickets/north-lakhimpur-to-nagaon,Maharathi Travels(UNDER ASTC),NON A/C Seater (2+1),20:20,07h 10m,03:30,4.3,600.0,10.0
North Lakhimpur to Nagaon (Assam) Bus,https://www.redbus.in/bus-tickets/north-lakhimpur-to-nagaon,Yatra Travels,NON A/C Seater / Sleeper (2+2),20:20,07h 10m,03:30,4.2,650.0,14.0
North Lakhimpur to Nagaon (Assam) Bus,https://www.redbus.in/bus-tickets/north-lakhimpur-to-nagaon,Yatra Travels,NON AC Seater/ Sleeper (2+1),20:30,08h 00m,04:30,4.5,700.0,14.0
North Lakhimpur to Nagaon (Assam) Bus,https://www.redbus.in/bus-tickets/north-lakhimpur-to-nagaon,Yatra Travels,A/C Seater / Sleeper (2+1),20:50,06h 40m,03:30,4.2,550.0,17.0
North Lakhimpur to Nagaon (Assam) Bus,https://www.redbus.in/bus-tickets/north-lakhimpur-to-nagaon,Yatra Travels,A/C Seater / Sleeper (2+1),22:00,05h 00m,03:00,4.2,600.0,25.0
North Lakhimpur to Nagaon (Assam) Bus,https://www.redbus.in/bus-tickets/north-lakhimpur-to-nagaon,PARIJAT TRAVELS(UNDER ASTC),NON A/C Seater (2+1),20:56,06h 04m,03:00,4.7,600.0,6.0
North Lakhimpur to Nagaon (Assam) Bus,https://www.redbus.in/bus-tickets/north-lakhimpur-to-nagaon,DESTINY TRAVELS,NON A/C Seater (2+1),18:30,07h 00m,01:30,1.7,494.0,5.0
North Lakhimpur to Nagaon (Assam) Bus,https://www.redbus.in/bus-tickets/north-lakhimpur-to-nagaon,GURUNANAK TRAVELS,NON A/C Seater (2+1),18:30,08h 30m,03:00,1.0,494.0,10.0
North Lakhimpur to Nagaon (Assam) Bus,https://www.redbus.in/bus-tickets/north-lakhimpur-to-nagaon,Yatra Travels,NON A/C Seater (2+1),20:40,06h 20m,03:00,2.7,494.0,16.0
North Lakhimpur to Nagaon (Assam) Bus,https://www.redbus.in/bus-tickets/north-lakhimpur-to-nagaon,KIRAN TRAVELS,A/C Seater (2+1),21:20,07h 10m,04:30,2.9,494.0,11.0
Guwahati to Golaghat Bus,https://www.redbus.in/bus-tickets/guwahati-to-golaghat,RATNAGIRI TRANSPORT,Bharat Benz A/C Seater (2+1),14:10,06h 45m,20:55,4.3,500.0,22.0
Guwahati to Golaghat Bus,https://www.redbus.in/bus-tickets/guwahati-to-golaghat,NAMBOR TRANSPORT,Bharat Benz A/C Seater (2+1),21:00,07h 00m,04:00,4.2,500.0,25.0
Guwahati to Golaghat Bus,https://www.redbus.in/bus-tickets/guwahati-to-golaghat,RATNAGIRI TRANSPORT,Bharat Benz A/C Seater /Sleeper (2+1),21:31,06h 59m,04:30,4.2,500.0,29.0
Guwahati to Golaghat Bus,https://www.redbus.in/bus-tickets/guwahati-to-golaghat,NAMBOR TRANSPORT,Bharat Benz A/C Seater (2+1),14:00,06h 45m,20:45,3.8,494.0,28.0
Guwahati to Golaghat Bus,https://www.redbus.in/bus-tickets/guwahati-to-golaghat,NAMBOR TRANSPORT,NON A/C Seater (2+1),20:30,06h 45m,03:15,5.0,494.0,21.0
Guwahati to Golaghat Bus,https://www.redbus.in/bus-tickets/guwahati-to-golaghat,ZAMZAM TRAVELS,NON A/C Seater (2+1),20:15,07h 15m,03:30,4.0,494.0,19.0
Guwahati to Golaghat Bus,https://www.redbus.in/bus-tickets/guwahati-to-golaghat,NAMBOR TRANSPORT,NON A/C Seater (2+1),20:30,06h 45m,03:15,3.9,494.0,19.0
Dibrugarh to Biswanath Charali Bus,https://www.redbus.in/bus-tickets/dibrugarh-to-biswanath-charali,Air Bus Travels,NON AC Seater / Sleeper 2+1,19:40,09h 20m,05:00,3.4,600.0,27.0
